link,videoId
https://www.youtube.com/watch?v=8AM0ds5_h1c,8AM0ds5_h1c
https://www.youtube.com/watch?v=KCXenxAYI6I,KCXenxAYI6I
https://www.youtube.com/watch?v=fk3Z-dyUwSI,fk3Z-dyUwSI
https://www.youtube.com/watch?v=UnwCh6iSIk4,UnwCh6iSIk4
https://www.youtube.com/watch?v=DsThR-OXkQ4,DsThR-OXkQ4
https://www.youtube.com/watch?v=kgkWyMmfZTA,kgkWyMmfZTA
https://www.youtube.com/watch?v=-ZiZW3TS450,-ZiZW3TS450
https://www.youtube.com/watch?v=ZM3mUMuzRhY,ZM3mUMuzRhY
https://www.youtube.com/watch?v=NBpojtM3tdc,NBpojtM3tdc
https://www.youtube.com/watch?v=qIWldm1L09A,qIWldm1L09A
https://www.youtube.com/watch?v=ECC5107nFXI,ECC5107nFXI