id,name,link,image
hotel01,歲月靜好民宿,https://www.google.com/travel/hotels/s/9yDbAuYy7YquG3V66,/images/hotel/hotel01.jpg
hotel02,神隱國度民宿,https://www.facebook.com/Twilighthouse1212/,/images/hotel/hotel02.jpg
hotel03,利未莊園,https://www.facebook.com/www.levitevilla.com.tw/,/images/hotel/hotel03.jpg
hotel04,山海灣民宿,https://goo.gl/maps/PCU6JN533LpbMFLX9,/images/hotel/hotel04.jpg
hotel05,雲山水小築民宿,https://cloudvillage.mmweb.tw,/images/hotel/hotel05.jpg
hotel06,九份小町民宿,http://www.komachi-tw.com,/images/hotel/hotel06.jpg
hotel07,九份高媽媽民宿,http://kaomama.mmweb.tw,/images/hotel/hotel07.jpg
hotel08,九份閒情民宿,https://www.facebook.com/Bnbjiufen/,/images/hotel/hotel08.jpg
hotel09,九份AHome民宿,http://www.a-home.tw,/images/hotel/hotel09.jpg
hotel10,石山水禪民宿,http://xzxz.okgo.tw,/images/hotel/hotel10.jpg
hotel11,應許美地民宿,https://www.facebook.com/Thepromisedland924/,/images/hotel/hotel11.jpg
hotel12,九份施家民宿,https://jiufen.okgo.tw/,/images/hotel/hotel12.jpg
hotel13,九份涵館民宿,https://windsorbnb.com/sunlight.html,/images/hotel/hotel13.jpg
hotel14,我們的家187民宿,http://ourhome.okgo.tw,/images/hotel/hotel14.jpg